??????, ????	894572187	fwfwfw@Geg	25.3443\523
??????, ????	894572187	fwfwfw@Geg	25.3443\523
??????, ????	894572187	fwfwfw@Geg	25.3443\523
??????, ????	894572187	fwfwfw@Geg	25.3443\523
??????, ????	894572187	fwfwfw@Geg	25.3443\523
??????, ????	894572187	fwfwfw@Geg	25.3443\523
??????, ????	894572187	fwfwfw@Geg	25.3443\523
??????, ????	894572187	fwfwfw@Geg	25.3443\523
??????, ????	894572187	fwfwfw@Geg	25.3443\523
??????, ????	894572187	fwfwfw@Geg	25.3443\523
??????, ????	894572187	fwfwfw@Geg	25.3443\523
??????, ????	894572187	fwfwfw@Geg	25.3443\523
??????, ????	894572187	fwfwfw@Geg	25.3443\523
??????, ????	894572187	fwfwfw@Geg	25.3443\523
??????, ????	894572187	fwfwfw@Geg	25.3443\523
